"(1.0, 0.1)","(1.0, 0.15)","(1.0, 0.2)","(1.0, 0.25)","(1.0, 0.3)","(1.0, 0.35)","(1.0, 0.4)","(1.0, 0.45)","(1.0, 0.5)","(1.5, 0.1)","(1.5, 0.15)","(1.5, 0.2)","(1.5, 0.25)","(1.5, 0.3)","(1.5, 0.35)","(1.5, 0.4)","(1.5, 0.45)","(1.5, 0.5)","(2.0, 0.1)","(2.0, 0.15)","(2.0, 0.2)","(2.0, 0.25)","(2.0, 0.3)","(2.0, 0.35)","(2.0, 0.4)","(2.0, 0.45)","(2.0, 0.5)","(2.5, 0.1)","(2.5, 0.15)","(2.5, 0.2)","(2.5, 0.25)","(2.5, 0.3)","(2.5, 0.35)","(2.5, 0.4)","(2.5, 0.45)","(2.5, 0.5)","(3.0, 0.1)","(3.0, 0.15)","(3.0, 0.2)","(3.0, 0.25)","(3.0, 0.3)","(3.0, 0.35)","(3.0, 0.4)","(3.0, 0.45)","(3.0, 0.5)","(3.5, 0.1)","(3.5, 0.15)","(3.5, 0.2)","(3.5, 0.25)","(3.5, 0.3)","(3.5, 0.35)","(3.5, 0.4)","(3.5, 0.45)","(3.5, 0.5)","(4.0, 0.1)","(4.0, 0.15)","(4.0, 0.2)","(4.0, 0.25)","(4.0, 0.3)","(4.0, 0.35)","(4.0, 0.4)","(4.0, 0.45)","(4.0, 0.5)","(4.5, 0.1)","(4.5, 0.15)","(4.5, 0.2)","(4.5, 0.25)","(4.5, 0.3)","(4.5, 0.35)","(4.5, 0.4)","(4.5, 0.45)","(4.5, 0.5)","(5.0, 0.1)","(5.0, 0.15)","(5.0, 0.2)","(5.0, 0.25)","(5.0, 0.3)","(5.0, 0.35)","(5.0, 0.4)","(5.0, 0.45)","(5.0, 0.5)"
-0.009,-0.006,-0.013,-0.003,-0.036,-0.018,-0.009,-0.054,-0.106,-0.004,-0.023,-0.019,-0.006,-0.101,-0.106,-0.063,-0.109,-0.226,-0.004,-0.048,-0.057,-0.042,-0.063,-0.169,-0.131,-0.143,-0.371,-0.02,-0.076,-0.052,-0.087,-0.107,-0.367,-0.339,-2.045,-2.693,-0.01,-0.037,-0.05,-0.086,-0.195,-0.356,-4.941,-4.711,-7.763,-0.041,-0.071,-0.097,-0.17,-0.912,-4.709,-4.061,-5.309,-7.522,-0.043,-0.07,-0.101,-0.376,-1.679,-6.581,-6.757,-7.279,-8.354,-0.054,-0.121,-0.106,-0.854,-4.772,-5.688,-8.296,-9.561,-8.967,-0.043,-0.084,-0.331,-2.265,-4.964,-9.537,-7.048,-8.645,-10.439
-0.005,-0.001,-0.009,-0.04,-0.014,-0.034,-0.022,-0.036,-0.015,-0.019,-0.025,-0.039,-0.061,-0.085,-0.07,-0.054,-0.105,-0.175,-0.007,-0.027,-0.038,-0.022,-0.105,-0.108,-0.146,-0.21,-0.306,-0.018,-0.021,-0.074,-0.105,-0.137,-0.199,-0.355,-2.092,-2.427,-0.02,-0.024,-0.096,-0.135,-0.084,-0.266,-1.41,-3.793,-4.836,0.008,-0.066,-0.128,-0.164,-0.393,-2.974,-4.884,-7.383,-6.292,-0.014,-0.1,-0.239,-0.233,-3.846,-7.84,-9.738,-5.319,-9.854,-0.068,-0.125,-0.184,-1.863,-3.615,-8.155,-6.414,-7.846,-10.769,-0.001,-0.124,-0.359,-4.089,-7.535,-6.964,-7.886,-7.019,-9.737
0.003,-0.005,-0.023,-0.02,-0.007,-0.035,-0.016,-0.057,-0.015,-0.007,-0.032,-0.012,-0.061,-0.065,-0.071,-0.116,-0.086,-0.138,-0.011,-0.048,-0.047,-0.038,-0.068,-0.052,-0.197,-0.21,-0.338,-0.031,-0.057,-0.041,-0.091,-0.062,-0.206,-0.212,-1.669,-4.204,-0.038,-0.056,-0.062,-0.156,-0.089,-0.683,-3.169,-3.289,-4.739,-0.045,-0.036,-0.086,-0.286,-1.678,-2.548,-4.165,-7.451,-6.983,-0.024,-0.088,-0.145,-0.232,-0.954,-6.771,-4.755,-10.219,-4.406,-0.056,-0.114,-0.217,-1.274,-5.671,-7.305,-8.616,-5.317,-8.301,-0.045,-0.149,-0.238,-4.585,-8.256,-6.168,-6.657,-10.389,-7.984
-0.0,-0.02,-0.016,-0.008,-0.031,-0.01,-0.032,-0.02,-0.069,-0.007,-0.033,-0.052,-0.031,-0.026,-0.067,-0.08,-0.078,-0.131,-0.015,-0.027,-0.016,-0.086,-0.055,-0.099,-0.09,-0.131,-0.232,-0.017,-0.012,-0.083,-0.096,-0.157,-0.162,-0.281,-2.098,-6.189,-0.023,-0.054,-0.051,-0.111,-0.243,-0.755,-1.817,-1.976,-5.496,-0.022,-0.074,-0.161,-0.218,-0.8,-4.888,-6.435,-8.359,-3.588,0.004,-0.057,-0.151,-0.146,-1.451,-4.278,-3.027,-7.227,-6.347,-0.043,-0.142,-0.248,-1.103,-3.895,-4.252,-6.334,-7.505,-8.491,-0.092,-0.153,-0.458,-3.796,-5.209,-5.206,-7.501,-9.815,-9.597
-0.002,-0.015,-0.015,-0.025,-0.021,-0.029,-0.03,-0.036,-0.114,0.003,-0.036,-0.022,-0.047,-0.04,-0.059,-0.081,-0.085,-0.118,-0.01,-0.042,-0.024,-0.043,-0.093,-0.151,-0.166,-0.103,-0.128,-0.017,-0.055,-0.033,-0.117,-0.07,-0.26,-0.182,-2.788,-3.432,-0.052,-0.022,-0.072,-0.087,-0.168,-1.321,-1.489,-5.338,-4.615,-0.044,-0.071,-0.128,-0.196,-0.813,-3.637,-4.888,-4.263,-7.46,-0.046,0.003,-0.149,-0.254,-3.732,-5.682,-5.363,-9.109,-7.38,-0.057,-0.056,-0.248,-1.807,-3.287,-7.792,-6.803,-8.856,-11.403,-0.084,-0.139,-0.349,-3.141,-6.87,-6.965,-7.257,-8.817,-9.848
0.003,-0.017,-0.016,-0.038,-0.024,-0.028,-0.069,-0.037,-0.054,-0.003,-0.021,-0.047,-0.039,-0.075,-0.047,-0.126,-0.036,-0.149,-0.033,-0.03,-0.014,-0.066,-0.096,-0.11,-0.176,-0.209,-0.429,-0.008,-0.024,-0.068,-0.063,-0.104,-0.161,-0.205,-1.761,-5.526,-0.047,-0.04,-0.067,-0.106,-0.181,-1.378,-0.983,-4.42,-5.411,-0.026,-0.061,-0.139,-0.12,-1.632,-4.396,-4.836,-6.42,-6.813,0.024,-0.077,-0.026,-0.329,-3.785,-3.218,-6.023,-6.422,-9.786,-0.034,-0.099,-0.193,-1.316,-2.503,-6.024,-4.56,-9.735,-7.284,-0.032,-0.12,-0.174,-2.031,-7.539,-7.445,-5.041,-7.303,-8.845
-0.009,-0.014,-0.022,-0.019,-0.027,-0.018,-0.079,-0.071,-0.097,-0.017,-0.025,-0.003,-0.046,-0.039,-0.065,-0.04,-0.083,-0.166,-0.025,-0.019,-0.058,-0.048,-0.082,-0.195,-0.126,-0.167,-0.388,-0.032,-0.029,-0.039,-0.0,-0.107,-0.261,-0.269,-1.997,-2.738,-0.014,-0.028,-0.074,-0.068,-0.12,-0.319,-2.338,-4.019,-4.01,-0.024,-0.016,-0.113,-0.196,-0.618,-2.794,-4.054,-6.88,-8.507,-0.046,-0.146,-0.096,-0.359,-2.509,-5.365,-4.31,-7.746,-4.281,-0.05,-0.105,-0.254,-1.464,-5.031,-5.276,-6.115,-7.265,-8.91,-0.015,-0.083,-0.312,-2.417,-4.137,-6.65,-6.004,-11.177,-11.813
0.006,-0.007,-0.004,-0.035,-0.039,-0.055,-0.043,-0.056,-0.079,-0.01,0.006,-0.007,-0.046,-0.027,-0.055,-0.126,-0.103,-0.123,-0.01,-0.028,-0.048,-0.07,-0.134,-0.129,-0.159,-0.15,-0.298,-0.017,-0.041,-0.017,-0.098,-0.128,-0.285,-0.207,-2.452,-2.272,-0.027,0.004,-0.063,-0.089,-0.21,-0.562,-3.438,-3.102,-5.564,-0.051,-0.075,-0.107,-0.173,-0.755,-3.754,-5.351,-5.865,-8.785,-0.041,-0.08,-0.177,-0.364,-3.648,-3.722,-6.275,-8.968,-8.07,-0.054,-0.043,-0.174,-1.655,-3.893,-6.945,-7.018,-9.499,-10.624,-0.073,-0.083,-0.321,-1.611,-5.859,-8.777,-9.506,-8.056,-8.955
-0.007,-0.001,-0.026,-0.025,-0.039,0.003,-0.037,-0.015,-0.083,-0.007,-0.01,-0.034,-0.035,-0.056,-0.063,-0.085,-0.083,-0.163,-0.02,-0.044,-0.049,-0.056,-0.063,-0.089,-0.125,-0.243,-0.18,-0.025,-0.025,-0.085,-0.086,-0.151,-0.207,-0.345,-1.22,-2.716,-0.022,-0.051,-0.007,-0.132,-0.242,-1.07,-1.461,-2.975,-6.187,-0.011,-0.059,-0.106,-0.141,-1.057,-3.264,-4.267,-6.579,-7.548,-0.017,-0.056,-0.082,-0.34,-1.844,-3.382,-5.532,-8.966,-6.744,-0.023,-0.044,-0.256,-0.664,-5.883,-5.109,-8.444,-8.378,-7.849,-0.023,-0.121,-0.282,-2.861,-6.415,-7.442,-7.524,-10.769,-9.391
-0.006,-0.013,-0.017,0.011,-0.025,-0.032,-0.041,-0.016,-0.055,-0.007,-0.022,-0.025,-0.04,-0.076,-0.098,-0.038,-0.103,-0.128,-0.002,-0.046,-0.03,-0.06,-0.099,0.032,-0.138,-0.355,-0.309,-0.008,-0.044,-0.058,-0.08,-0.12,-0.078,-0.233,-1.706,-3.188,-0.026,-0.021,-0.083,-0.206,-0.244,-0.635,-2.746,-4.431,-5.246,-0.05,-0.068,-0.17,-0.184,-0.859,-3.039,-2.295,-6.939,-7.29,-0.042,-0.041,-0.131,-0.296,-2.736,-5.532,-4.273,-7.093,-7.355,-0.063,-0.024,-0.267,-1.325,-5.386,-4.514,-6.984,-9.674,-5.772,-0.065,-0.114,-0.232,-3.075,-4.971,-7.061,-10.714,-9.602,-9.25
-0.001,-0.007,-0.012,-0.016,-0.026,-0.034,-0.037,-0.089,-0.063,-0.01,-0.018,-0.041,-0.033,-0.034,-0.077,-0.029,-0.098,-0.121,-0.019,-0.017,-0.057,-0.087,-0.086,-0.14,-0.145,-0.244,-0.388,-0.031,-0.018,-0.099,-0.044,-0.057,-0.162,-0.237,-1.74,-4.792,-0.008,-0.08,-0.113,-0.16,-0.273,-0.703,-4.15,-3.158,-5.539,-0.008,-0.054,-0.127,-0.174,-1.268,-2.803,-2.782,-6.408,-8.831,-0.029,-0.032,-0.216,-0.319,-2.764,-6.836,-5.138,-7.866,-7.281,-0.007,-0.131,-0.223,-1.641,-4.019,-7.366,-6.694,-10.149,-6.005,-0.062,-0.173,-0.149,-3.634,-5.071,-7.851,-6.707,-8.735,-5.939
0.003,0.002,-0.016,-0.014,-0.025,-0.021,-0.01,-0.055,-0.029,-0.008,-0.01,-0.002,-0.014,0.008,-0.1,-0.033,-0.15,-0.137,-0.027,-0.047,-0.018,-0.095,-0.082,-0.082,-0.144,-0.291,-0.34,-0.025,-0.042,-0.005,-0.068,-0.14,-0.162,-0.33,-2.393,-1.409,-0.001,-0.065,-0.043,-0.083,-0.22,-0.57,-3.204,-4.147,-7.724,-0.056,-0.067,-0.146,-0.234,-2.238,-3.62,-4.997,-5.097,-8.459,-0.068,-0.097,-0.172,-0.321,-4.934,-7.443,-6.287,-7.559,-6.209,-0.066,-0.094,-0.217,-1.043,-5.25,-7.047,-5.829,-5.526,-9.516,-0.05,-0.075,-0.185,-6.99,-5.05,-7.229,-7.634,-8.608,-8.027
-0.007,-0.013,-0.019,0.006,-0.025,-0.046,-0.047,-0.04,-0.066,-0.016,-0.017,0.003,-0.057,-0.048,-0.04,-0.091,-0.134,-0.106,0.008,-0.035,-0.029,-0.083,-0.037,-0.089,-0.159,-0.089,-0.249,-0.013,-0.026,-0.072,-0.098,-0.136,-0.13,-0.328,-1.512,-3.741,-0.037,-0.034,-0.113,-0.097,-0.176,-1.008,-3.163,-4.387,-6.199,-0.061,-0.099,-0.109,-0.274,-2.01,-2.549,-3.992,-6.909,-7.875,-0.038,-0.076,-0.137,-0.261,-3.539,-5.466,-8.563,-6.009,-7.838,-0.051,-0.15,-0.145,-0.824,-2.068,-8.012,-5.688,-6.21,-8.265,-0.042,-0.057,-0.392,-3.201,-4.873,-8.532,-6.121,-8.951,-8.924
-0.001,-0.007,-0.017,-0.018,-0.015,-0.011,-0.025,-0.083,-0.097,-0.017,-0.016,-0.027,-0.05,-0.065,-0.09,-0.086,-0.096,-0.124,-0.017,-0.028,-0.051,-0.106,-0.074,-0.087,-0.146,-0.101,-0.207,-0.022,-0.029,-0.065,-0.105,-0.094,-0.223,-0.403,-1.214,-2.93,-0.027,-0.039,-0.103,-0.132,-0.189,-0.806,-4.675,-5.327,-7.336,-0.025,-0.107,-0.117,-0.212,-0.405,-4.054,-6.182,-6.426,-6.638,-0.05,-0.101,-0.102,-0.278,-3.622,-4.278,-8.19,-5.696,-9.233,-0.024,-0.158,-0.204,-1.572,-2.536,-5.671,-6.811,-7.665,-9.077,-0.037,-0.155,-0.379,-3.299,-6.2,-8.898,-8.344,-7.228,-8.786
0.008,0.0,-0.022,-0.035,-0.027,-0.059,-0.072,-0.06,-0.065,-0.006,-0.0,-0.031,-0.021,-0.047,-0.032,-0.031,-0.147,-0.125,0.016,-0.014,-0.04,-0.066,-0.125,-0.135,-0.136,-0.211,-0.286,0.004,-0.021,-0.063,-0.104,-0.17,-0.2,-0.343,-2.732,-2.289,-0.032,-0.056,-0.059,-0.14,-0.131,-1.183,-3.64,-3.627,-5.726,0.004,-0.06,-0.105,-0.182,-1.32,-1.748,-4.259,-4.087,-8.278,-0.041,-0.094,-0.168,-0.189,-4.03,-3.159,-6.414,-6.405,-6.052,-0.033,-0.106,-0.182,-2.011,-5.293,-5.954,-8.301,-8.115,-10.551,0.008,-0.067,-0.297,-2.933,-7.187,-7.507,-8.045,-9.206,-8.662
-0.003,-0.005,-0.012,-0.004,-0.02,-0.041,-0.042,-0.059,-0.039,0.003,0.005,-0.039,-0.063,0.01,-0.061,-0.074,-0.116,-0.054,-0.021,-0.05,-0.031,-0.012,-0.057,-0.152,-0.113,-0.239,-0.4,-0.021,-0.051,-0.086,-0.086,-0.119,-0.102,-0.337,-0.973,-1.943,-0.028,-0.03,-0.096,-0.153,-0.163,-1.12,-3.495,-5.344,-4.64,-0.037,-0.069,-0.105,-0.147,-0.744,-3.393,-4.621,-6.876,-7.939,-0.027,-0.014,0.072,-0.237,-3.553,-4.377,-8.07,-4.443,-8.397,-0.056,-0.112,-0.193,-3.089,-5.141,-5.785,-8.091,-8.755,-8.753,-0.047,-0.133,-0.337,-2.804,-6.372,-4.696,-6.115,-10.541,-11.429
-0.009,-0.02,-0.009,0.003,-0.037,-0.019,-0.072,-0.095,-0.068,-0.01,-0.0,-0.054,-0.044,-0.062,-0.083,-0.14,-0.17,-0.098,-0.01,-0.038,-0.019,-0.036,-0.053,-0.142,-0.102,-0.268,-0.283,-0.016,-0.061,-0.069,-0.083,-0.103,-0.28,-0.321,-1.862,-3.97,-0.035,-0.067,-0.096,-0.123,-0.2,-0.569,-1.381,-4.083,-7.632,-0.023,-0.091,-0.163,-0.131,-0.664,-2.364,-3.347,-5.831,-6.188,-0.021,-0.065,-0.144,-0.341,-3.296,-4.102,-3.845,-5.491,-11.832,-0.048,-0.056,-0.208,-2.042,-3.063,-6.573,-7.473,-9.385,-8.332,-0.069,-0.038,-0.28,-1.367,-4.267,-9.221,-6.188,-7.015,-9.164
-0.007,-0.005,-0.014,-0.016,-0.037,-0.033,-0.045,-0.029,-0.036,-0.012,0.021,-0.026,-0.029,-0.02,-0.041,-0.101,-0.084,-0.123,-0.015,-0.036,-0.016,-0.06,-0.053,-0.11,-0.147,-0.183,-0.399,-0.008,-0.048,-0.081,-0.1,-0.169,-0.266,-0.284,-2.116,-4.815,-0.051,-0.059,-0.014,-0.12,-0.214,-1.241,-3.206,-6.764,-4.667,-0.034,-0.043,-0.124,-0.13,-1.062,-3.751,-5.407,-8.971,-7.718,0.004,-0.081,-0.165,-0.26,-3.162,-3.989,-6.288,-7.83,-7.113,-0.044,-0.085,-0.154,-1.49,-3.177,-5.549,-6.848,-7.921,-7.422,-0.062,-0.17,-0.281,-5.377,-3.857,-5.557,-8.141,-8.898,-6.321
-0.008,-0.014,-0.035,-0.031,-0.053,-0.021,-0.051,-0.038,-0.053,-0.015,-0.002,-0.001,-0.066,-0.054,-0.078,-0.103,-0.169,-0.112,-0.016,-0.026,-0.066,-0.072,-0.11,-0.109,-0.133,-0.191,-0.219,-0.019,-0.037,-0.066,-0.134,-0.109,-0.181,-0.354,-2.577,-3.066,-0.017,-0.071,-0.078,-0.124,-0.256,-1.082,-2.304,-4.513,-6.998,-0.034,-0.065,-0.069,-0.232,-0.858,-5.422,-6.039,-5.324,-7.225,0.004,-0.122,-0.201,-0.346,-3.905,-4.986,-8.87,-7.944,-5.774,-0.007,-0.12,-0.19,-1.873,-2.87,-8.33,-8.992,-8.972,-7.57,-0.083,-0.116,-0.219,-4.331,-7.359,-4.86,-6.119,-10.274,-8.691
-0.002,-0.016,-0.019,-0.02,-0.04,-0.036,-0.065,-0.032,-0.043,-0.017,-0.021,-0.022,-0.058,0.014,-0.036,-0.08,-0.043,-0.12,-0.013,-0.02,-0.039,-0.052,-0.098,-0.149,-0.075,-0.202,-0.313,-0.001,-0.028,-0.072,-0.066,-0.103,-0.134,-0.284,-1.653,-2.31,-0.045,-0.05,-0.118,-0.099,-0.193,-1.326,-3.053,-3.932,-4.563,-0.012,-0.079,-0.109,-0.162,-1.471,-1.863,-4.264,-8.799,-6.63,-0.04,-0.084,-0.128,-0.22,-2.799,-5.528,-7.066,-8.721,-8.519,-0.073,-0.145,-0.109,-0.319,-4.914,-2.756,-6.243,-6.424,-8.723,-0.057,-0.096,-0.263,-4.801,-5.728,-8.286,-9.509,-8.006,-9.902
-0.01,0.0,-0.015,-0.018,-0.035,-0.04,0.016,-0.032,-0.06,-0.001,-0.021,-0.032,-0.012,-0.072,-0.073,-0.087,-0.094,-0.085,0.003,-0.026,-0.035,-0.012,-0.11,-0.083,-0.104,-0.223,-0.204,-0.023,-0.053,-0.078,-0.035,-0.178,-0.146,-0.403,-1.473,-4.037,-0.028,-0.071,-0.103,-0.142,-0.201,-0.778,-4.185,-5.229,-6.145,-0.008,-0.048,-0.065,-0.145,-1.061,-2.936,-3.914,-6.037,-7.043,-0.022,-0.092,-0.157,-0.204,-1.939,-4.761,-6.153,-8.04,-6.843,-0.018,-0.059,-0.149,-1.323,-4.266,-6.301,-6.583,-5.578,-7.996,-0.074,-0.163,-0.293,-2.695,-5.731,-5.004,-6.752,-9.426,-9.862
-0.008,-0.013,0.001,-0.037,-0.033,-0.052,-0.023,-0.028,-0.075,0.009,-0.022,-0.033,-0.036,-0.071,-0.089,-0.039,-0.12,-0.146,-0.004,-0.03,-0.05,-0.054,-0.088,-0.093,-0.111,-0.124,-0.578,-0.029,-0.036,-0.026,-0.058,-0.109,-0.199,-0.244,-0.749,-3.941,-0.02,-0.077,-0.073,-0.142,-0.156,-0.647,-1.544,-3.927,-6.148,-0.043,-0.069,-0.119,-0.159,-0.556,-3.056,-4.746,-6.088,-8.51,-0.055,-0.042,-0.15,-0.154,-2.164,-5.911,-4.941,-6.838,-7.402,-0.063,-0.12,-0.185,-2.688,-3.454,-5.192,-8.427,-7.121,-6.249,-0.057,-0.095,-0.278,-2.426,-3.334,-7.178,-6.603,-7.907,-7.391
-0.014,-0.002,-0.02,-0.035,-0.02,-0.048,-0.033,-0.01,-0.053,-0.009,0.0,0.006,-0.051,-0.08,-0.072,-0.113,-0.099,-0.153,-0.022,-0.013,-0.021,-0.022,-0.067,-0.129,-0.06,-0.324,-0.289,-0.036,-0.01,-0.08,-0.089,-0.075,-0.181,-0.34,-1.804,-2.902,-0.039,-0.039,-0.089,-0.137,-0.155,-1.627,-1.626,-4.647,-8.189,-0.032,-0.045,-0.074,-0.224,-1.136,-4.137,-4.947,-6.377,-6.73,-0.059,-0.107,-0.131,-0.327,-1.693,-4.522,-5.933,-7.614,-7.9,-0.028,-0.083,-0.176,-0.845,-2.925,-5.706,-9.341,-9.153,-9.479,-0.071,-0.123,-0.484,-3.925,-2.982,-7.088,-6.898,-8.53,-10.187
-0.0,-0.018,-0.018,-0.026,-0.033,-0.055,-0.034,-0.042,-0.076,-0.023,-0.003,-0.008,-0.046,-0.066,-0.058,-0.113,-0.173,-0.131,-0.019,-0.025,-0.052,-0.079,-0.099,-0.1,-0.127,-0.261,-0.362,-0.033,-0.039,-0.038,-0.08,-0.181,-0.165,-0.392,-2.897,-4.626,-0.039,-0.052,-0.085,-0.141,-0.146,-0.374,-3.926,-4.762,-5.714,-0.038,-0.062,-0.176,-0.195,-1.38,-2.683,-5.622,-4.99,-5.535,-0.059,-0.061,-0.15,-0.334,-1.811,-5.018,-10.784,-9.203,-7.179,-0.042,-0.137,-0.248,-2.131,-3.944,-6.083,-9.087,-7.33,-10.611,-0.073,-0.157,-0.22,-2.88,-3.605,-8.577,-6.818,-8.906,-11.19
-0.006,0.01,-0.004,-0.016,-0.02,-0.047,-0.045,-0.043,-0.047,-0.019,-0.018,-0.037,-0.017,-0.061,-0.068,-0.178,-0.132,-0.117,-0.009,-0.045,0.014,-0.038,-0.08,-0.136,-0.146,-0.232,-0.326,-0.03,-0.003,-0.008,-0.112,-0.141,-0.132,-0.263,-2.029,-2.841,-0.036,-0.03,-0.098,-0.142,-0.2,-0.587,-2.746,-4.828,-3.525,-0.062,-0.09,-0.146,-0.156,-1.096,-1.468,-7.342,-6.851,-8.044,-0.05,-0.102,-0.154,-0.268,-4.254,-6.035,-6.548,-6.62,-8.257,-0.025,-0.103,-0.143,-0.218,-4.393,-3.936,-7.661,-8.036,-6.19,-0.061,-0.124,-0.217,-3.596,-3.531,-6.178,-7.91,-7.904,-10.085
-0.007,-0.012,-0.006,-0.008,-0.053,-0.05,-0.008,-0.045,-0.096,0.01,-0.032,-0.018,-0.031,-0.017,-0.061,-0.118,-0.104,-0.203,-0.008,-0.056,-0.041,-0.067,-0.092,-0.134,-0.119,-0.213,-0.33,-0.025,-0.061,-0.024,-0.107,-0.052,-0.14,-0.179,-2.278,-3.441,-0.026,-0.046,-0.027,-0.054,-0.222,-1.403,-4.175,-3.673,-5.769,0.006,-0.048,-0.1,-0.221,-1.013,-4.507,-3.931,-4.673,-5.939,-0.031,-0.117,-0.103,-0.307,-2.342,-1.971,-6.183,-6.654,-9.667,-0.041,-0.145,-0.147,-2.447,-3.929,-5.456,-4.942,-10.236,-8.032,-0.064,-0.161,-0.338,-2.313,-4.728,-8.285,-6.755,-8.956,-7.957
-0.009,-0.008,-0.012,-0.017,-0.03,0.003,-0.047,-0.037,-0.069,-0.011,-0.018,-0.028,-0.045,-0.04,-0.061,-0.062,-0.076,-0.168,0.002,-0.031,-0.053,-0.08,-0.086,-0.134,-0.099,-0.29,-0.258,-0.038,-0.055,-0.023,-0.122,-0.088,-0.198,-0.198,-2.219,-2.15,-0.03,-0.02,-0.033,-0.106,-0.179,-1.368,-2.334,-4.139,-5.942,-0.049,-0.061,-0.111,-0.117,-1.3,-1.415,-5.146,-5.992,-7.884,-0.045,-0.074,-0.136,-0.297,-2.306,-4.698,-8.025,-4.823,-5.803,-0.046,-0.111,-0.389,-1.978,-4.99,-8.942,-5.8,-9.368,-10.525,-0.117,-0.06,-0.19,-1.494,-5.909,-5.375,-6.178,-10.06,-6.799
-0.001,-0.008,-0.014,0.006,-0.02,-0.036,-0.046,0.079,-0.028,-0.01,-0.013,0.004,-0.045,-0.044,-0.066,-0.07,-0.094,-0.136,-0.006,-0.048,-0.032,-0.072,-0.08,-0.093,-0.127,-0.24,-0.352,-0.004,-0.006,-0.07,-0.135,-0.132,-0.126,-0.255,-1.202,-1.877,-0.011,-0.061,-0.055,-0.09,-0.197,-1.523,-3.441,-5.62,-5.457,-0.03,-0.08,-0.118,-0.193,-1.339,-1.642,-3.509,-7.542,-6.057,-0.013,-0.004,-0.163,-0.392,-4.727,-4.997,-5.54,-7.246,-6.689,-0.009,-0.126,-0.207,-3.065,-3.543,-8.47,-6.701,-9.572,-7.88,-0.046,-0.111,-0.185,-3.575,-3.489,-7.323,-7.477,-6.123,-7.601
-0.007,0.001,-0.023,-0.021,-0.039,-0.053,-0.046,-0.067,-0.025,0.002,-0.019,-0.046,-0.04,-0.048,-0.05,-0.05,-0.123,-0.103,-0.006,-0.006,-0.042,-0.067,-0.109,-0.081,-0.103,-0.194,-0.303,-0.013,-0.019,-0.074,-0.132,-0.155,-0.129,-0.227,-2.57,-2.63,0.006,-0.018,-0.091,-0.075,-0.216,-0.505,-1.508,-3.988,-8.48,-0.045,-0.038,-0.106,-0.141,-0.966,-3.069,-3.945,-5.961,-6.786,-0.026,-0.108,-0.151,-0.249,-1.377,-4.399,-7.704,-8.366,-10.666,-0.039,-0.125,-0.24,-2.958,-5.558,-6.095,-9.585,-10.654,-7.309,-0.052,-0.101,-0.178,-4.414,-4.791,-7.834,-7.86,-13.02,-9.364
-0.006,-0.014,-0.013,-0.017,-0.028,-0.035,-0.058,-0.032,-0.039,-0.014,-0.025,-0.051,-0.03,-0.064,-0.096,-0.112,-0.139,-0.163,-0.014,-0.017,-0.048,0.007,-0.107,-0.137,-0.13,-0.212,-0.275,-0.011,-0.039,-0.033,-0.121,-0.104,-0.177,-0.368,-0.905,-3.371,-0.03,-0.051,-0.049,-0.106,-0.27,-1.214,-3.144,-4.2,-6.784,-0.035,-0.092,0.026,-0.226,-1.349,-1.48,-4.598,-3.947,-7.268,-0.056,-0.059,-0.116,-0.276,-3.384,-2.937,-6.919,-7.614,-8.932,-0.013,-0.098,-0.149,-2.381,-2.855,-5.898,-8.203,-9.3,-11.04,-0.096,-0.125,-0.367,-2.848,-5.071,-8.317,-8.774,-9.456,-6.49
-0.015,-0.011,-0.008,-0.005,-0.028,-0.028,-0.06,-0.017,-0.065,-0.001,-0.016,-0.039,-0.046,-0.061,-0.097,-0.031,-0.078,-0.135,-0.026,-0.005,-0.065,-0.099,-0.055,-0.145,-0.097,-0.16,-0.308,0.005,-0.029,-0.074,-0.053,-0.056,-0.156,-0.238,-1.832,-4.054,-0.016,-0.013,-0.088,-0.095,-0.237,-1.388,-2.754,-4.904,-3.352,-0.023,-0.13,-0.094,-0.115,-0.149,-2.608,-3.418,-5.76,-8.039,-0.063,-0.076,-0.215,-0.369,-4.276,-3.401,-5.616,-5.468,-7.478,-0.039,-0.116,-0.213,-1.738,-4.048,-7.488,-8.022,-8.664,-6.429,-0.047,-0.089,-0.197,-4.719,-5.596,-6.037,-9.685,-9.638,-7.391
-0.006,-0.003,-0.006,-0.017,-0.0,-0.045,-0.027,-0.027,-0.033,-0.007,-0.032,-0.036,0.004,-0.047,-0.064,-0.074,-0.061,-0.148,-0.024,-0.058,-0.069,-0.081,-0.102,-0.091,-0.208,-0.2,-0.213,0.003,-0.04,-0.044,-0.069,-0.133,-0.226,-0.216,-0.991,-4.357,-0.032,0.05,-0.044,-0.121,-0.18,-0.94,-2.164,-4.467,-3.147,-0.034,-0.057,-0.173,-0.175,-1.985,-2.929,-5.845,-5.94,-5.983,-0.06,-0.104,-0.197,-0.187,-1.315,-2.944,-4.167,-4.674,-7.814,-0.038,-0.077,-0.265,-0.953,-2.537,-5.622,-8.757,-8.518,-9.054,-0.087,-0.131,-0.391,-3.116,-3.019,-7.714,-8.477,-10.279,-9.23
-0.012,-0.019,-0.008,-0.019,-0.042,-0.026,-0.033,-0.05,-0.055,-0.011,0.006,-0.033,-0.038,-0.065,-0.029,-0.054,-0.123,-0.175,-0.015,-0.033,-0.036,-0.031,-0.07,-0.037,-0.176,-0.318,-0.221,-0.019,-0.055,-0.065,-0.113,-0.074,-0.267,-0.336,-2.659,-1.027,-0.032,-0.084,-0.079,-0.22,-0.147,-0.54,-2.603,-5.641,-5.248,-0.043,-0.063,-0.134,-0.17,-0.27,-1.184,-4.027,-6.418,-6.455,-0.064,-0.049,-0.079,-0.452,-1.713,-6.386,-4.942,-5.872,-7.49,-0.033,-0.111,-0.219,-1.935,-3.607,-6.162,-7.182,-7.876,-10.051,-0.051,-0.057,-0.216,-4.912,-6.403,-6.258,-11.277,-6.008,-10.294
0.003,-0.026,-0.023,-0.02,-0.028,-0.03,-0.035,-0.04,-0.039,-0.014,-0.039,-0.026,-0.062,-0.056,-0.056,-0.076,-0.131,-0.099,-0.009,-0.032,-0.012,-0.094,-0.036,-0.118,-0.19,-0.09,-0.325,-0.03,-0.001,0.006,-0.15,-0.165,-0.225,-0.471,-1.0,-4.348,-0.014,-0.058,-0.016,-0.102,-0.199,-1.472,-2.383,-3.618,-6.624,-0.062,-0.089,-0.101,-0.222,-0.908,-2.336,-4.53,-7.322,-6.535,-0.047,-0.126,-0.206,-0.265,-3.421,-2.223,-8.22,-7.994,-9.144,-0.051,-0.101,-0.247,-0.966,-3.453,-6.224,-7.871,-10.303,-6.268,-0.059,-0.147,-0.384,-4.35,-3.839,-5.591,-8.478,-8.437,-8.869
0.004,-0.019,-0.018,-0.021,-0.031,-0.027,-0.058,-0.039,-0.084,-0.024,-0.019,-0.035,-0.001,-0.01,-0.035,-0.064,-0.128,-0.123,0.0,0.006,-0.031,-0.063,-0.082,-0.098,-0.121,-0.143,-0.343,-0.0,-0.017,-0.051,-0.098,-0.113,-0.211,-0.33,-1.104,-3.113,-0.025,0.026,-0.08,-0.104,-0.149,-1.836,-2.853,-4.012,-4.672,-0.045,-0.067,-0.048,-0.283,-0.586,-4.29,-4.315,-5.126,-7.688,-0.042,-0.072,-0.2,-0.196,-4.017,-5.114,-6.516,-9.705,-8.735,-0.071,-0.126,-0.142,-1.021,-3.963,-4.725,-8.862,-9.319,-9.242,-0.008,-0.161,-0.266,-3.149,-4.079,-7.208,-7.894,-9.026,-5.704
-0.008,-0.01,-0.021,-0.036,-0.023,-0.047,-0.034,-0.036,-0.102,-0.012,-0.024,-0.021,-0.028,-0.053,-0.062,-0.054,-0.128,-0.092,-0.023,-0.031,-0.034,-0.061,-0.099,-0.165,-0.177,-0.315,-0.255,-0.027,-0.047,-0.084,-0.072,-0.133,-0.162,-0.435,-1.441,-1.705,-0.039,-0.072,-0.125,-0.093,-0.162,-2.615,-1.968,-4.948,-6.898,-0.03,-0.048,-0.116,-0.231,-1.396,-3.407,-5.206,-6.446,-8.315,-0.02,-0.048,-0.109,-0.224,-3.664,-7.002,-3.327,-8.773,-5.418,-0.031,-0.096,-0.099,-1.491,-4.131,-8.543,-5.682,-7.2,-8.283,-0.051,-0.113,-0.335,-5.284,-7.442,-4.206,-7.325,-10.686,-8.181
-0.014,-0.019,-0.019,-0.017,-0.039,-0.015,-0.04,-0.065,-0.011,-0.002,-0.011,-0.037,-0.027,-0.044,-0.06,-0.076,-0.111,-0.15,-0.008,-0.027,-0.037,-0.077,-0.019,-0.14,-0.015,-0.291,-0.384,-0.005,0.001,0.008,-0.068,-0.168,-0.235,-0.256,-2.096,-2.674,-0.005,-0.018,-0.102,-0.093,-0.222,-0.362,-2.799,-2.271,-4.155,-0.045,-0.045,-0.127,-0.131,-1.423,-2.359,-5.818,-3.31,-8.864,-0.023,-0.073,-0.084,-0.267,-3.758,-3.798,-4.561,-5.715,-10.669,-0.039,-0.069,-0.263,-0.876,-3.17,-4.534,-6.926,-7.081,-9.823,-0.031,-0.17,-0.32,-2.502,-5.146,-6.976,-6.313,-8.448,-8.586
-0.004,-0.021,-0.025,-0.013,-0.03,-0.023,-0.061,-0.05,-0.067,0.015,-0.024,-0.033,-0.029,-0.053,-0.042,-0.111,-0.112,-0.153,-0.016,-0.039,-0.055,-0.083,-0.037,-0.165,-0.112,-0.137,-0.282,-0.023,-0.048,-0.042,-0.085,-0.113,-0.208,-0.403,-1.698,-3.624,-0.04,-0.083,-0.047,-0.165,-0.166,-0.691,-4.208,-3.625,-5.154,-0.029,-0.076,-0.128,-0.123,-1.122,-3.571,-3.359,-6.988,-6.965,-0.022,-0.068,-0.145,-0.27,-3.775,-3.464,-5.361,-5.563,-6.444,-0.038,-0.075,-0.075,-1.646,-3.066,-8.57,-9.728,-7.393,-9.137,-0.072,-0.171,-0.3,-2.931,-4.461,-5.093,-8.237,-8.14,-9.24
-0.009,-0.012,-0.014,-0.022,-0.039,-0.039,-0.024,-0.031,-0.07,-0.001,0.01,0.02,-0.034,-0.053,-0.078,-0.125,-0.132,-0.115,-0.021,-0.036,-0.072,-0.084,-0.082,-0.126,-0.106,-0.177,-0.225,-0.02,-0.05,-0.048,-0.078,-0.102,-0.156,-0.248,-2.548,-3.547,-0.021,-0.041,-0.114,-0.073,-0.18,-0.627,-3.076,-3.844,-5.613,-0.043,0.014,-0.142,-0.143,-0.544,-3.395,-3.832,-5.85,-6.722,-0.006,-0.037,-0.201,-0.359,-2.584,-3.691,-4.552,-3.778,-9.5,-0.029,-0.066,-0.217,-0.676,-5.117,-6.432,-6.328,-7.345,-8.174,-0.091,-0.092,-0.194,-2.991,-5.431,-10.661,-5.454,-8.604,-9.331
-0.01,-0.004,-0.02,-0.029,-0.019,-0.01,-0.058,-0.074,-0.034,-0.014,-0.012,-0.027,-0.043,-0.055,-0.057,-0.097,-0.105,-0.153,0.002,-0.025,-0.042,-0.067,-0.107,-0.158,-0.153,-0.137,-0.246,-0.037,-0.029,-0.091,-0.019,-0.158,-0.154,-0.23,-1.827,-3.116,-0.039,-0.049,-0.071,-0.151,-0.091,-0.713,-0.945,-4.319,-4.005,-0.021,-0.065,-0.108,-0.141,-0.92,-4.099,-2.167,-7.087,-7.369,-0.06,-0.088,-0.218,-0.22,-3.494,-3.918,-6.598,-6.925,-9.259,-0.027,-0.138,-0.243,-2.229,-5.292,-5.328,-9.535,-6.568,-8.206,-0.051,-0.13,-0.277,-5.674,-5.114,-6.294,-6.742,-9.638,-10.053
0.005,-0.0,-0.031,-0.015,-0.039,-0.051,-0.03,-0.079,-0.041,-0.022,-0.02,-0.012,-0.002,-0.059,-0.049,-0.094,-0.133,-0.233,-0.016,-0.043,-0.071,0.006,-0.128,-0.132,-0.08,-0.2,-0.316,0.004,-0.015,-0.055,-0.15,-0.156,-0.121,-0.376,-1.768,-2.37,-0.027,-0.066,-0.108,-0.146,-0.28,-0.79,-1.833,-5.54,-2.957,-0.039,-0.066,-0.146,-0.068,-1.511,-4.749,-6.647,-5.306,-7.765,-0.036,-0.054,-0.102,-0.259,-1.09,-3.208,-8.17,-8.46,-7.91,-0.067,-0.051,-0.208,-0.697,-4.065,-7.169,-7.535,-7.623,-9.518,-0.058,-0.069,-0.447,-4.473,-6.007,-6.822,-8.352,-8.422,-8.286
-0.002,-0.018,-0.038,-0.036,-0.052,-0.029,-0.052,-0.077,-0.065,0.002,-0.015,-0.011,-0.038,-0.083,-0.098,-0.06,-0.057,-0.117,-0.022,-0.024,-0.055,-0.051,-0.113,-0.057,-0.083,-0.231,-0.274,-0.006,-0.019,-0.085,-0.113,-0.141,-0.194,-0.307,-2.129,-3.238,-0.031,-0.051,-0.086,-0.045,-0.173,-0.656,-1.635,-5.168,-3.117,-0.035,-0.047,-0.106,-0.209,-0.969,-4.101,-5.782,-6.979,-7.147,-0.042,-0.073,-0.139,-0.311,-3.28,-4.726,-5.439,-8.466,-9.176,-0.065,-0.109,-0.179,-2.341,-5.392,-7.113,-7.27,-7.162,-9.337,-0.069,-0.037,-0.452,-3.717,-6.056,-8.828,-8.705,-10.187,-7.431
-0.01,-0.016,-0.018,-0.041,-0.044,-0.036,-0.058,-0.012,-0.02,-0.004,-0.02,-0.049,-0.02,-0.033,-0.091,-0.053,-0.096,-0.171,-0.007,-0.023,-0.047,-0.069,-0.068,-0.102,-0.085,-0.23,-0.365,-0.031,-0.038,-0.065,0.001,-0.156,-0.169,-0.359,-1.637,-3.465,-0.023,-0.073,-0.099,-0.117,-0.265,-0.912,-2.774,-4.606,-4.136,-0.038,-0.053,-0.059,-0.121,-0.594,-3.845,-3.125,-6.211,-10.082,0.005,-0.097,-0.093,-0.376,-2.9,-3.412,-3.462,-7.412,-6.464,-0.054,-0.039,-0.253,-2.309,-7.17,-6.492,-7.439,-6.734,-7.745,-0.057,-0.144,-0.311,-2.852,-2.644,-4.478,-10.401,-12.03,-7.281
-0.014,-0.006,-0.016,0.002,-0.013,-0.041,-0.061,-0.041,-0.077,-0.021,-0.015,-0.036,-0.04,-0.072,-0.082,-0.121,-0.034,-0.091,0.001,-0.012,-0.039,-0.051,-0.121,-0.052,-0.081,-0.21,-0.241,-0.017,-0.048,-0.063,-0.053,-0.18,-0.228,-0.172,-1.751,-5.161,-0.03,-0.085,-0.033,-0.124,-0.205,-0.387,-2.202,-7.768,-3.825,-0.021,-0.085,-0.119,-0.178,-0.703,-2.081,-3.091,-6.163,-7.08,-0.039,-0.125,-0.227,-0.371,-2.682,-5.293,-7.695,-5.879,-5.752,-0.069,-0.045,-0.155,-0.993,-4.036,-7.144,-8.541,-9.282,-6.057,-0.056,-0.094,-0.4,-1.399,-4.091,-8.593,-7.558,-8.833,-10.944
0.016,-0.007,-0.014,-0.028,-0.012,-0.005,-0.045,-0.045,-0.069,-0.007,-0.013,-0.04,-0.038,-0.081,-0.077,-0.049,-0.053,-0.134,0.003,-0.044,-0.051,-0.077,-0.11,-0.111,-0.147,-0.003,-0.251,-0.02,-0.043,-0.026,0.007,-0.156,-0.195,-0.368,-3.283,-2.428,-0.044,-0.068,-0.097,-0.176,-0.156,-0.654,-2.896,-2.256,-6.572,-0.015,-0.056,-0.208,-0.121,-0.778,-2.472,-5.35,-5.351,-6.938,-0.058,-0.084,-0.152,-0.291,-4.565,-4.948,-5.473,-7.668,-8.562,-0.061,-0.14,-0.276,-1.674,-4.298,-7.995,-9.056,-7.018,-8.031,-0.046,-0.164,-0.321,-2.237,-7.02,-8.357,-8.509,-6.654,-9.078
-0.001,-0.013,-0.009,-0.022,-0.019,-0.032,-0.045,-0.052,-0.008,-0.014,-0.013,-0.038,-0.06,-0.067,-0.054,-0.124,-0.076,-0.085,-0.017,-0.017,-0.031,-0.048,-0.074,-0.139,-0.241,-0.223,-0.299,-0.026,-0.053,-0.032,-0.126,-0.184,-0.355,-0.318,-1.036,-2.681,-0.026,-0.067,-0.085,-0.079,-0.143,-1.133,-3.024,-3.437,-4.263,-0.031,-0.061,-0.126,-0.111,-1.586,-1.132,-2.551,-6.769,-7.479,-0.047,-0.061,-0.173,-0.393,-1.539,-3.848,-7.275,-8.187,-5.635,-0.006,-0.095,-0.245,-1.796,-1.411,-2.772,-6.915,-7.821,-8.888,-0.089,-0.068,-0.314,-3.83,-5.798,-9.581,-8.87,-10.107,-6.668
-0.008,-0.02,-0.01,-0.003,-0.017,-0.028,-0.041,-0.03,-0.062,-0.019,-0.008,-0.021,-0.033,-0.066,-0.039,-0.111,-0.125,-0.101,-0.007,-0.034,-0.022,-0.067,-0.049,-0.104,-0.144,-0.162,-0.177,-0.044,-0.056,-0.029,-0.11,-0.149,-0.194,-0.296,-1.2,-4.766,-0.021,-0.053,-0.078,-0.158,-0.123,-0.806,-2.05,-5.111,-4.597,-0.026,-0.055,-0.122,-0.19,-1.226,-2.348,-3.071,-6.04,-6.171,-0.062,-0.094,-0.061,-0.336,-2.273,-3.506,-7.711,-5.123,-6.187,-0.045,-0.129,-0.157,-1.373,-2.339,-4.767,-6.934,-8.981,-9.491,-0.05,-0.062,-0.24,-3.165,-6.095,-7.226,-5.351,-10.28,-8.799
-0.009,-0.021,-0.015,-0.032,-0.033,-0.044,-0.033,-0.032,-0.049,-0.022,-0.033,-0.014,-0.051,-0.056,-0.041,-0.063,-0.113,-0.069,-0.018,-0.041,-0.071,-0.081,-0.061,-0.128,-0.121,-0.215,-0.28,-0.026,-0.022,-0.026,-0.089,-0.154,-0.143,-0.292,-2.269,-3.482,-0.033,-0.04,-0.077,-0.066,-0.169,-1.311,-2.147,-4.515,-3.729,-0.008,-0.081,-0.099,-0.25,-1.028,-1.686,-4.181,-5.05,-4.183,-0.026,-0.074,-0.196,-0.354,-1.996,-6.04,-6.566,-8.982,-9.487,-0.04,-0.13,-0.337,-1.493,-1.217,-7.015,-5.46,-8.697,-10.488,-0.06,-0.173,-0.31,-5.516,-4.169,-5.912,-8.005,-9.799,-9.451
-0.01,-0.022,-0.013,-0.021,-0.022,-0.007,-0.008,-0.058,-0.048,-0.006,-0.019,-0.016,-0.03,-0.024,-0.031,-0.089,-0.029,-0.119,-0.019,-0.044,-0.028,-0.013,-0.096,-0.097,-0.092,-0.205,-0.476,-0.027,-0.029,-0.055,-0.117,-0.159,-0.153,-0.38,-0.808,-1.247,-0.025,-0.028,-0.137,-0.174,-0.171,-0.519,-4.85,-3.514,-4.365,0.007,-0.087,-0.006,-0.191,-0.28,-2.93,-7.307,-5.227,-8.492,-0.023,-0.09,-0.144,-0.388,-3.263,-5.644,-5.856,-8.242,-7.478,-0.079,-0.047,-0.158,-1.186,-3.374,-5.499,-7.809,-9.523,-8.615,-0.093,-0.121,-0.226,-3.517,-3.632,-8.201,-7.467,-10.153,-8.63
-0.009,-0.015,0.003,-0.037,-0.037,0.002,-0.047,-0.065,-0.055,-0.005,-0.046,-0.044,-0.003,0.007,-0.066,-0.078,-0.113,-0.056,-0.008,-0.029,-0.048,-0.031,-0.086,-0.123,-0.074,-0.187,-0.48,-0.012,-0.042,-0.054,-0.073,-0.083,-0.177,-0.286,-1.227,-2.844,-0.026,-0.06,-0.088,-0.1,-0.197,-0.962,-2.827,-3.715,-5.001,-0.027,-0.073,-0.133,-0.186,-0.729,-3.127,-3.362,-6.465,-7.556,-0.03,-0.093,-0.153,-0.325,-3.533,-5.11,-7.415,-7.623,-6.213,-0.065,-0.129,-0.107,-1.51,-4.142,-5.099,-6.654,-9.704,-8.568,-0.067,-0.131,-0.256,-2.673,-3.671,-8.858,-6.566,-9.761,-9.199
-0.004,-0.008,-0.019,-0.002,-0.029,-0.033,-0.054,-0.06,-0.049,-0.02,0.008,-0.037,-0.037,-0.037,-0.062,-0.086,-0.102,-0.161,-0.011,-0.009,-0.062,-0.011,-0.06,-0.074,-0.087,-0.144,-0.295,-0.026,0.003,-0.095,-0.116,-0.136,-0.225,-0.28,-1.835,-2.54,-0.016,-0.057,-0.115,-0.052,-0.162,-0.612,-2.765,-2.749,-2.626,-0.009,-0.088,-0.032,-0.194,-0.94,-1.398,-4.557,-7.832,-7.471,-0.047,-0.114,-0.21,-0.267,-2.827,-1.829,-7.238,-9.458,-9.504,-0.077,-0.042,-0.222,-3.475,-2.456,-6.469,-7.402,-7.666,-5.565,-0.036,-0.149,-0.288,-4.162,-3.956,-6.345,-8.706,-5.778,-11.069
-0.015,-0.014,-0.028,-0.015,-0.045,-0.033,-0.066,-0.044,-0.067,-0.017,0.014,-0.022,-0.033,-0.055,0.033,-0.078,-0.09,-0.163,0.002,-0.029,-0.043,-0.045,-0.065,-0.147,-0.21,-0.111,-0.485,-0.002,-0.023,-0.071,-0.088,-0.108,-0.189,-0.273,-2.0,-2.201,-0.031,-0.013,-0.072,-0.109,-0.219,-0.658,-4.159,-5.113,-5.48,-0.06,-0.037,-0.075,-0.126,-0.951,-1.656,-4.987,-5.823,-8.02,-0.057,-0.075,-0.053,-0.296,-3.676,-2.677,-7.834,-6.858,-8.433,-0.061,-0.117,-0.181,-2.195,-3.387,-8.85,-5.734,-7.743,-9.667,-0.007,-0.067,-0.488,-1.903,-5.044,-7.998,-7.264,-6.592,-11.28
-0.011,-0.006,-0.003,-0.031,-0.009,-0.019,-0.036,-0.074,-0.094,-0.01,-0.02,-0.006,-0.056,-0.053,-0.095,-0.132,-0.14,-0.167,-0.011,-0.027,-0.034,-0.039,-0.133,-0.096,-0.187,-0.148,-0.261,-0.035,-0.012,-0.085,-0.061,-0.146,-0.221,-0.264,-0.515,-4.43,-0.023,-0.048,-0.11,-0.178,-0.188,-0.699,-2.16,-3.492,-5.286,-0.017,-0.069,-0.015,-0.194,-1.307,-3.036,-3.369,-4.353,-8.136,-0.063,-0.108,-0.13,-0.251,-1.768,-6.413,-5.599,-6.8,-6.387,-0.038,0.02,-0.236,-1.45,-5.711,-6.91,-6.786,-9.519,-5.645,-0.073,-0.131,-0.178,-3.706,-5.877,-6.515,-7.412,-6.836,-8.368
-0.003,-0.002,-0.023,-0.02,-0.042,-0.018,-0.05,-0.051,-0.041,-0.011,-0.024,-0.006,-0.057,-0.007,-0.031,-0.133,-0.045,-0.109,0.002,0.018,-0.063,-0.077,-0.077,-0.115,-0.142,-0.206,-0.273,-0.016,-0.037,-0.058,-0.127,-0.108,-0.271,-0.484,-3.759,-4.619,-0.032,-0.052,0.011,-0.065,-0.233,-1.403,-4.384,-3.37,-6.971,-0.038,-0.057,-0.085,-0.149,-0.231,-2.025,-5.584,-5.907,-7.66,-0.048,-0.048,-0.133,-0.197,-2.193,-5.323,-6.829,-5.425,-5.521,-0.054,-0.1,-0.247,-0.89,-2.185,-4.658,-9.433,-7.307,-6.153,0.029,-0.093,-0.266,-2.595,-3.835,-5.776,-9.246,-7.515,-5.468
-0.006,-0.005,-0.012,-0.01,-0.017,-0.002,-0.048,-0.05,-0.075,-0.006,-0.014,-0.041,-0.013,-0.063,-0.074,-0.093,-0.117,-0.113,-0.009,-0.041,-0.014,-0.068,-0.046,-0.069,-0.137,-0.262,-0.269,-0.036,-0.02,-0.04,-0.065,-0.115,-0.18,-0.235,-2.793,-5.124,-0.039,-0.061,-0.069,-0.125,-0.165,-0.183,-2.198,-2.596,-4.884,-0.039,-0.056,-0.089,-0.201,-1.071,-3.58,-4.524,-5.898,-10.298,-0.043,-0.041,-0.183,-0.237,-4.575,-7.05,-7.588,-7.28,-9.141,-0.072,-0.078,-0.212,-1.83,-5.47,-5.138,-7.286,-8.414,-8.562,-0.08,-0.191,-0.283,-3.357,-3.665,-7.607,-8.758,-10.357,-9.173
-0.013,-0.009,-0.011,-0.029,-0.025,-0.014,-0.048,-0.056,-0.048,-0.013,-0.021,-0.017,-0.007,-0.094,-0.024,-0.111,-0.122,-0.126,-0.001,-0.005,0.007,-0.059,-0.051,-0.18,-0.099,-0.207,-0.202,-0.024,-0.027,-0.061,-0.061,-0.102,-0.334,-0.472,-0.963,-2.191,-0.028,-0.065,-0.095,-0.132,-0.061,-0.985,-1.904,-5.866,-5.07,-0.049,-0.036,-0.159,-0.089,-0.947,-3.61,-2.075,-9.089,-5.856,-0.073,-0.127,-0.162,-0.333,-3.561,-5.705,-4.946,-8.691,-9.1,-0.046,-0.072,-0.214,-1.496,-1.639,-4.277,-6.47,-6.896,-10.609,-0.024,-0.13,-0.184,-2.657,-4.849,-9.486,-7.903,-11.466,-9.132
-0.002,-0.019,-0.019,-0.032,-0.019,-0.016,-0.038,-0.048,-0.014,0.017,-0.027,-0.028,-0.02,-0.03,-0.054,-0.092,-0.073,-0.128,-0.01,-0.038,-0.061,-0.063,-0.077,-0.106,-0.211,-0.121,-0.38,-0.028,-0.018,-0.051,-0.067,0.002,-0.09,-0.221,-2.067,-4.762,-0.026,-0.063,-0.116,-0.04,-0.212,-1.005,-3.06,-3.784,-5.38,-0.012,-0.052,-0.158,-0.151,-1.539,-2.526,-3.348,-8.324,-7.121,-0.07,-0.048,-0.192,-0.311,-1.473,-4.951,-2.553,-5.502,-7.673,-0.038,-0.131,-0.184,-1.845,-3.691,-6.134,-4.099,-7.664,-8.265,-0.009,-0.135,-0.346,-3.178,-5.278,-7.254,-6.528,-7.591,-9.256
-0.005,-0.013,-0.016,-0.016,-0.029,-0.0,-0.048,-0.057,-0.082,-0.013,-0.023,-0.021,-0.022,-0.021,-0.071,-0.047,-0.121,-0.09,-0.018,-0.016,-0.045,-0.077,-0.033,-0.017,-0.138,-0.186,-0.366,-0.032,0.017,-0.081,-0.09,-0.179,-0.26,-0.211,-1.601,-4.884,-0.041,-0.034,-0.086,-0.176,-0.185,-0.589,-3.168,-4.38,-5.71,-0.052,-0.026,-0.029,-0.127,-0.992,-2.077,-4.72,-7.696,-7.387,-0.048,-0.105,-0.167,-0.36,-2.189,-3.301,-7.631,-8.307,-5.136,-0.033,-0.021,-0.235,-2.223,-5.571,-7.49,-6.603,-7.399,-9.735,-0.03,-0.133,-0.289,-5.606,-6.803,-7.935,-6.667,-8.532,-7.44
-0.009,-0.01,-0.019,-0.013,-0.021,-0.039,-0.054,-0.093,-0.019,-0.007,-0.012,-0.031,-0.005,-0.018,-0.041,-0.127,-0.056,-0.054,-0.006,-0.007,-0.048,-0.01,-0.055,-0.114,-0.111,-0.241,-0.376,-0.023,-0.003,-0.078,-0.066,-0.045,-0.195,-0.305,-0.869,-3.883,-0.015,-0.041,-0.086,-0.139,-0.254,-1.36,-3.883,-3.501,-4.717,-0.028,-0.088,-0.107,-0.177,-0.655,-2.687,-4.879,-4.921,-6.136,0.004,-0.107,-0.13,-0.339,-1.18,-5.91,-5.155,-10.027,-7.416,-0.034,-0.065,-0.184,-3.783,-4.511,-5.078,-5.082,-7.065,-11.128,-0.059,-0.082,-0.367,-2.241,-4.673,-9.511,-5.395,-9.463,-8.063
-0.01,-0.006,-0.029,-0.037,0.007,-0.063,-0.037,-0.064,-0.012,-0.017,-0.03,-0.019,-0.055,-0.015,-0.05,-0.102,-0.091,-0.142,-0.01,-0.023,-0.033,-0.044,-0.093,-0.104,-0.197,-0.071,-0.259,-0.002,-0.03,-0.063,-0.089,-0.168,-0.181,-0.372,-1.04,-2.039,-0.032,-0.046,-0.107,-0.111,-0.157,-1.315,-4.796,-4.573,-5.526,-0.067,-0.079,-0.065,-0.196,-0.665,-1.669,-3.677,-5.322,-7.886,-0.046,-0.084,-0.172,-0.356,-1.772,-3.65,-7.958,-8.132,-8.44,-0.076,-0.152,-0.221,-2.311,-5.522,-7.481,-4.93,-7.494,-9.81,-0.056,-0.127,-0.372,-4.754,-5.149,-5.211,-9.199,-8.001,-9.103
-0.008,-0.009,-0.008,-0.023,0.004,-0.005,-0.028,-0.06,-0.059,-0.003,-0.02,-0.027,-0.025,-0.056,-0.08,-0.087,-0.104,-0.117,-0.016,-0.047,-0.059,-0.05,-0.113,-0.169,-0.141,-0.187,-0.505,0.015,-0.045,-0.06,-0.068,-0.107,-0.244,-0.187,-1.351,-1.942,-0.045,-0.053,-0.082,-0.105,-0.204,-0.938,-4.01,-3.38,-4.415,-0.069,-0.028,-0.084,-0.037,-1.423,-2.084,-4.03,-4.963,-6.349,-0.017,-0.065,-0.22,-0.326,-2.44,-3.117,-5.899,-8.759,-9.018,-0.049,-0.145,-0.286,-2.854,-3.667,-6.745,-7.118,-7.772,-9.837,-0.055,-0.141,-0.305,-3.869,-4.846,-8.674,-11.261,-8.973,-8.708
-0.002,-0.011,-0.004,0.001,-0.009,0.01,-0.075,-0.006,-0.004,-0.018,-0.011,-0.05,-0.053,-0.016,-0.08,-0.073,-0.088,-0.072,0.006,0.004,-0.009,-0.065,-0.063,-0.063,-0.161,-0.156,-0.269,-0.003,-0.038,-0.004,-0.067,-0.148,-0.17,-0.386,-2.082,-2.222,-0.003,-0.016,-0.084,-0.066,-0.178,-0.69,-1.326,-5.039,-4.766,-0.058,-0.074,-0.212,-0.121,-1.319,-1.273,-6.116,-5.385,-7.182,-0.075,-0.088,-0.103,-0.289,-2.797,-4.241,-7.411,-6.21,-5.44,-0.046,-0.063,-0.186,-2.79,-5.695,-7.514,-8.515,-8.833,-7.904,-0.034,-0.124,-0.407,-3.123,-5.93,-3.677,-9.244,-6.767,-8.066
0.001,-0.011,-0.013,-0.019,-0.009,-0.039,-0.036,-0.037,-0.067,0.002,-0.002,-0.009,-0.028,-0.037,-0.056,-0.044,-0.058,-0.161,-0.002,-0.041,-0.038,-0.073,-0.034,-0.119,-0.125,-0.158,-0.384,0.012,-0.049,-0.072,-0.072,-0.179,-0.174,-0.305,-2.725,-2.784,-0.006,-0.052,-0.05,-0.046,-0.257,-0.208,-2.014,-5.54,-5.403,-0.027,-0.047,-0.034,-0.198,-1.874,-2.33,-5.7,-5.389,-7.562,-0.058,-0.083,-0.043,-0.297,-3.232,-3.33,-7.414,-6.021,-9.861,0.024,-0.117,-0.269,-0.601,-3.289,-7.322,-6.861,-8.081,-10.236,-0.085,-0.102,-0.122,-3.815,-5.822,-6.626,-8.192,-8.118,-7.716
-0.004,-0.006,-0.021,-0.024,-0.02,-0.017,-0.04,-0.032,-0.063,-0.004,-0.007,-0.03,0.004,-0.038,-0.073,-0.065,-0.12,-0.163,-0.008,-0.028,-0.029,-0.083,-0.108,-0.145,-0.077,-0.153,-0.148,-0.022,-0.064,-0.098,-0.114,-0.159,-0.18,-0.178,-0.902,-3.166,-0.049,-0.07,-0.096,0.049,-0.219,-1.402,-2.783,-3.907,-6.168,-0.009,-0.068,-0.09,-0.199,-1.582,-1.907,-5.482,-5.893,-8.228,-0.011,-0.043,-0.116,-0.231,-4.014,-3.255,-4.411,-9.121,-8.089,-0.063,-0.067,-0.23,-2.161,-3.88,-8.038,-6.081,-8.261,-6.237,-0.104,-0.126,-0.147,-3.614,-2.911,-5.554,-8.185,-9.335,-7.39
-0.006,-0.008,0.009,-0.031,-0.047,-0.039,-0.056,-0.012,-0.054,0.009,-0.026,-0.016,-0.063,-0.065,-0.065,-0.081,-0.096,-0.104,-0.012,-0.042,-0.07,-0.029,-0.102,-0.128,-0.136,-0.287,-0.28,-0.027,-0.027,-0.087,-0.083,-0.089,-0.191,-0.398,-0.767,-0.732,-0.035,-0.008,-0.082,-0.104,-0.226,-0.933,-3.927,-4.371,-6.973,0.003,-0.066,-0.057,-0.192,-0.259,-2.403,-4.781,-6.234,-7.65,-0.053,-0.056,-0.183,-0.341,-3.105,-4.316,-5.543,-5.831,-6.727,-0.059,-0.067,-0.281,-1.088,-6.952,-8.691,-6.642,-9.295,-7.619,-0.114,-0.137,-0.51,-3.32,-3.206,-5.359,-5.956,-8.042,-8.437
-0.007,-0.011,-0.024,-0.016,-0.021,-0.051,-0.041,-0.033,-0.072,0.001,-0.01,-0.008,-0.036,-0.034,-0.027,-0.084,-0.133,-0.135,-0.014,-0.027,-0.054,-0.068,-0.09,-0.173,-0.142,-0.247,-0.348,-0.018,-0.025,-0.062,-0.09,-0.055,-0.204,-0.242,-1.009,-2.954,-0.009,-0.049,-0.074,-0.205,-0.23,-1.278,-3.471,-2.903,-6.745,-0.072,-0.065,-0.124,-0.236,-0.332,-2.787,-3.954,-6.7,-7.421,-0.057,-0.032,-0.188,-0.349,-1.807,-4.67,-6.324,-8.426,-6.889,-0.061,-0.055,-0.175,-1.412,-3.878,-7.292,-7.288,-6.071,-8.652,-0.092,-0.166,-0.264,-3.33,-4.998,-4.125,-9.257,-9.381,-7.913
-0.001,-0.019,-0.022,-0.023,-0.037,-0.044,-0.058,-0.033,-0.083,0.006,-0.017,-0.043,-0.004,-0.073,-0.043,-0.1,-0.082,-0.134,-0.021,-0.036,-0.075,-0.103,-0.085,-0.17,-0.236,-0.192,-0.355,-0.038,-0.027,-0.041,-0.117,-0.129,-0.231,-0.238,-2.042,-3.251,-0.028,-0.073,-0.12,-0.164,-0.167,-1.596,-3.69,-3.791,-8.742,-0.048,-0.062,-0.092,-0.169,-0.828,-3.565,-6.857,-5.162,-7.734,-0.057,-0.033,-0.13,-0.333,-1.471,-4.125,-6.403,-8.783,-6.832,-0.044,-0.12,-0.183,-1.335,-3.328,-8.073,-8.538,-6.744,-9.631,-0.062,-0.117,-0.203,-2.345,-3.58,-8.766,-8.407,-10.247,-10.258
-0.011,0.007,-0.006,-0.02,-0.031,-0.033,-0.037,-0.051,-0.014,-0.004,-0.013,-0.027,-0.034,-0.049,-0.071,-0.083,-0.141,-0.16,-0.018,-0.032,-0.047,-0.078,-0.113,-0.114,-0.056,-0.196,-0.267,-0.032,-0.002,-0.052,0.018,-0.177,-0.166,-0.213,-2.496,-4.068,-0.042,-0.043,-0.076,-0.14,-0.206,-0.579,-0.617,-3.776,-7.154,-0.023,-0.033,-0.078,-0.195,-0.629,-4.337,-6.141,-7.356,-6.901,-0.006,-0.111,-0.204,-0.264,-3.113,-5.725,-7.446,-7.175,-4.458,-0.069,-0.075,-0.226,-2.8,-4.843,-5.749,-6.483,-8.8,-7.802,-0.085,-0.126,-0.281,-2.585,-3.745,-7.607,-8.757,-9.853,-9.163
-0.0,-0.015,-0.028,-0.016,-0.025,-0.048,0.003,-0.064,-0.067,-0.021,-0.02,-0.037,-0.028,-0.048,-0.065,-0.075,-0.122,-0.161,-0.018,-0.028,-0.058,-0.058,-0.139,-0.115,-0.136,-0.092,-0.248,-0.015,-0.02,-0.049,-0.049,-0.105,-0.154,-0.535,-2.715,-5.162,-0.031,-0.076,-0.075,-0.119,-0.263,-0.686,-3.866,-5.872,-5.011,-0.029,-0.04,-0.063,-0.272,-1.363,-3.227,-6.121,-5.281,-5.132,-0.053,-0.087,-0.159,-0.254,-2.143,-6.581,-5.452,-9.132,-7.59,-0.038,-0.023,-0.217,-1.294,-5.298,-6.347,-6.865,-8.243,-10.924,-0.113,-0.146,-0.343,-3.445,-7.863,-9.568,-6.9,-10.122,-10.581
-0.009,-0.005,-0.013,-0.023,0.026,-0.006,-0.022,-0.039,-0.114,-0.007,-0.028,-0.007,-0.024,-0.059,-0.077,-0.05,-0.166,-0.085,-0.029,-0.028,-0.039,-0.058,-0.029,-0.053,-0.132,-0.291,-0.264,-0.018,-0.05,-0.049,-0.124,-0.143,-0.095,-0.238,-1.075,-4.711,0.004,-0.033,-0.123,-0.15,-0.257,-1.385,-2.489,-5.285,-6.484,-0.046,-0.067,-0.126,-0.118,-1.843,-2.736,-5.264,-9.674,-6.371,-0.04,-0.086,-0.135,-0.417,-2.559,-4.473,-7.205,-8.7,-8.791,-0.033,-0.172,-0.172,-1.666,-5.446,-7.341,-7.187,-7.691,-7.808,-0.042,-0.172,-0.322,-3.085,-6.584,-7.16,-8.383,-9.142,-8.925
-0.012,-0.011,0.006,-0.014,-0.027,-0.034,-0.051,-0.111,-0.065,-0.024,-0.02,-0.036,-0.044,-0.092,-0.072,-0.077,-0.111,-0.108,-0.015,-0.007,-0.053,-0.074,-0.053,-0.055,-0.137,-0.065,-0.261,-0.032,-0.038,-0.052,-0.089,-0.142,-0.202,-0.295,-3.071,-4.076,-0.039,-0.069,-0.055,-0.148,-0.264,-0.975,-3.459,-3.873,-3.662,-0.035,-0.09,0.021,-0.149,-0.264,-2.871,-4.596,-5.983,-7.608,-0.062,-0.086,-0.087,-0.253,-2.694,-4.024,-7.015,-6.601,-10.464,-0.036,-0.122,-0.216,-1.443,-5.037,-7.73,-9.064,-7.522,-9.203,-0.053,-0.159,-0.307,-4.054,-6.791,-9.058,-8.72,-9.027,-10.816
-0.007,-0.008,0.009,-0.036,-0.032,-0.028,-0.055,-0.077,-0.045,-0.014,-0.026,-0.017,0.001,-0.023,-0.044,-0.08,-0.106,-0.149,-0.01,-0.01,0.01,-0.057,-0.146,-0.095,-0.1,-0.172,-0.227,-0.006,-0.011,-0.05,-0.057,-0.151,-0.24,-0.415,-1.351,-1.955,-0.053,-0.021,-0.092,-0.118,-0.25,-1.718,-4.042,-4.069,-7.525,-0.009,-0.066,-0.063,-0.231,-0.644,-3.651,-4.617,-6.147,-8.384,-0.05,-0.088,-0.167,-0.178,-2.517,-4.568,-6.181,-8.105,-8.432,-0.047,-0.104,-0.096,-2.636,-3.258,-2.881,-8.346,-8.556,-7.572,-0.035,-0.098,-0.316,-3.747,-6.857,-6.322,-7.001,-8.564,-9.458
-0.006,-0.018,-0.023,-0.017,-0.031,-0.026,-0.026,-0.05,-0.015,-0.005,-0.03,-0.03,-0.015,-0.046,-0.028,-0.107,-0.122,-0.18,-0.026,-0.055,-0.04,-0.047,-0.031,-0.122,-0.146,-0.211,-0.209,-0.023,-0.053,-0.062,-0.112,-0.164,-0.214,-0.238,-4.169,-3.397,-0.029,-0.035,-0.042,-0.092,-0.187,-0.603,-4.106,-3.117,-7.394,-0.032,-0.078,-0.132,-0.207,-1.04,-2.778,-4.389,-5.433,-8.901,-0.038,-0.071,-0.075,-0.456,-2.556,-2.588,-6.271,-6.884,-8.677,-0.024,-0.115,-0.123,-2.806,-2.628,-4.27,-7.817,-6.834,-9.499,-0.032,-0.096,-0.44,-1.27,-7.719,-7.218,-8.169,-9.113,-7.604
-0.002,-0.013,-0.014,-0.016,-0.011,-0.018,-0.035,-0.048,-0.053,-0.007,-0.014,-0.018,-0.03,-0.042,-0.053,-0.077,-0.134,-0.123,-0.012,-0.039,-0.059,-0.078,-0.102,-0.156,-0.126,-0.243,-0.403,-0.013,-0.019,-0.036,-0.061,-0.095,-0.22,-0.255,-0.206,-3.126,-0.043,-0.068,-0.036,-0.14,-0.2,-0.949,-1.675,-3.5,-4.56,-0.07,-0.046,-0.109,-0.12,-0.606,-3.613,-2.252,-6.337,-8.461,-0.078,-0.05,-0.236,-0.273,-0.581,-5.679,-6.386,-7.38,-5.912,-0.046,-0.093,-0.244,-0.937,-4.393,-6.411,-7.513,-4.658,-7.579,-0.036,-0.052,-0.227,-4.639,-4.345,-7.18,-8.051,-10.474,-8.133
-0.01,-0.021,-0.026,-0.023,-0.023,-0.034,-0.054,-0.022,-0.047,0.008,0.003,-0.038,-0.057,-0.071,-0.079,-0.074,-0.099,-0.087,-0.018,-0.019,-0.063,-0.049,-0.062,-0.081,-0.087,-0.216,-0.167,-0.002,-0.06,-0.092,-0.042,-0.141,-0.164,-0.278,-1.924,-3.825,-0.027,-0.056,-0.069,-0.162,-0.134,-1.284,-1.195,-2.449,-4.909,-0.042,-0.028,-0.094,-0.164,-1.13,-2.185,-5.416,-6.462,-7.836,-0.053,-0.075,-0.124,-0.494,-2.22,-8.748,-6.507,-5.844,-5.334,-0.069,-0.118,-0.238,-1.544,-2.985,-5.606,-6.737,-6.339,-8.356,-0.035,-0.107,-0.357,-2.845,-5.141,-9.651,-9.782,-8.741,-11.56
-0.012,-0.02,-0.003,-0.019,-0.047,-0.044,-0.046,-0.002,-0.068,-0.008,-0.032,-0.027,-0.051,-0.06,-0.085,-0.121,-0.046,-0.054,-0.015,0.0,-0.032,-0.063,-0.029,-0.083,-0.136,-0.18,-0.271,-0.02,-0.014,-0.049,-0.107,-0.18,-0.22,-0.244,-1.41,-4.664,-0.011,-0.031,-0.112,-0.126,-0.16,-0.906,-1.937,-3.858,-6.946,-0.041,-0.075,-0.115,-0.123,-1.137,-2.688,-5.436,-6.314,-7.172,-0.049,-0.095,-0.151,-0.235,-2.367,-2.564,-6.533,-6.447,-7.404,-0.042,-0.068,-0.19,-2.588,-6.31,-5.673,-7.424,-9.246,-8.751,-0.058,-0.152,-0.377,-4.865,-4.944,-6.213,-6.573,-8.98,-8.671
-0.012,-0.012,-0.015,-0.029,-0.035,0.001,-0.071,-0.083,-0.063,-0.001,-0.01,-0.025,-0.05,-0.051,-0.041,-0.013,-0.079,-0.054,-0.008,-0.059,-0.038,-0.057,-0.104,-0.086,-0.181,-0.318,-0.235,-0.018,-0.026,-0.068,-0.026,-0.117,-0.183,-0.215,-2.631,-2.665,-0.016,-0.048,-0.093,-0.131,-0.23,-2.143,-2.14,-4.164,-4.28,-0.042,-0.086,-0.122,-0.141,-0.354,-1.008,-6.815,-3.874,-9.244,-0.015,-0.106,-0.153,-0.139,-3.458,-4.195,-5.654,-6.201,-8.869,-0.034,-0.153,-0.145,-1.665,-3.936,-6.396,-5.477,-7.266,-10.173,-0.029,-0.074,-0.18,-2.944,-4.727,-5.824,-8.451,-5.543,-7.856
-0.006,-0.012,-0.026,-0.027,-0.027,-0.019,-0.044,-0.026,-0.075,-0.01,-0.017,-0.027,-0.023,-0.042,-0.019,-0.045,-0.096,-0.16,-0.02,-0.005,-0.022,-0.098,-0.117,-0.079,-0.065,-0.242,-0.296,-0.013,-0.04,-0.068,-0.084,-0.156,-0.235,-0.458,-1.805,-3.238,-0.025,-0.115,-0.045,-0.089,-0.237,-0.209,-4.759,-2.806,-4.586,-0.028,-0.081,-0.059,-0.16,-0.656,-1.844,-5.7,-6.438,-5.495,-0.042,-0.096,-0.139,-0.166,-2.865,-5.582,-5.28,-7.516,-10.57,-0.058,-0.029,-0.237,-2.177,-5.912,-5.86,-6.133,-7.378,-8.107,-0.054,-0.105,-0.214,-4.002,-9.529,-3.134,-6.394,-8.942,-9.522
-0.009,-0.015,0.04,0.002,-0.002,-0.044,-0.031,-0.069,-0.059,-0.025,-0.02,-0.035,-0.034,-0.055,-0.01,-0.061,-0.079,-0.119,-0.016,-0.044,-0.076,-0.1,-0.017,-0.09,-0.186,-0.222,-0.296,-0.037,-0.021,-0.064,-0.067,-0.143,-0.152,-0.139,-1.735,-4.697,-0.03,-0.036,-0.028,-0.152,-0.151,-0.185,-1.295,-4.366,-5.715,-0.032,-0.081,-0.093,-0.202,-1.571,-2.686,-3.436,-7.062,-5.464,-0.055,-0.055,-0.22,-0.273,-1.142,-3.674,-5.206,-7.23,-8.083,-0.033,-0.011,-0.182,-0.576,-4.199,-6.143,-6.155,-8.81,-7.032,-0.085,-0.066,-0.145,-3.942,-3.646,-7.301,-6.592,-7.508,-10.666
-0.013,-0.002,-0.02,-0.025,-0.033,-0.03,-0.07,-0.036,-0.112,-0.001,-0.019,-0.035,-0.042,-0.054,-0.094,-0.061,-0.122,-0.181,-0.013,-0.012,-0.069,-0.029,-0.089,-0.07,-0.184,-0.263,-0.378,-0.017,-0.01,-0.047,-0.067,-0.129,-0.243,-0.234,-1.241,-2.899,-0.025,-0.049,-0.077,-0.183,-0.28,-0.244,-2.698,-4.325,-3.719,-0.027,-0.066,-0.138,-0.144,-0.545,-2.297,-3.127,-6.206,-6.796,-0.036,-0.055,-0.122,-0.346,-1.169,-5.549,-5.899,-6.204,-10.646,0.035,-0.083,-0.195,-1.35,-5.087,-7.434,-5.176,-10.333,-8.832,-0.042,-0.129,-0.187,-2.277,-4.206,-8.77,-7.841,-9.193,-8.166
-0.007,-0.003,-0.018,-0.026,-0.046,-0.074,-0.055,-0.048,-0.07,-0.007,-0.018,-0.019,-0.037,-0.053,-0.059,-0.089,-0.109,-0.112,-0.003,-0.01,-0.029,-0.079,-0.027,-0.123,-0.157,-0.236,-0.302,-0.028,-0.044,-0.072,-0.043,-0.052,-0.226,-0.395,-2.433,-2.908,0.007,-0.006,-0.06,-0.013,-0.173,-1.348,-1.595,-1.698,-3.368,0.009,0.021,-0.155,-0.225,-1.751,-3.213,-2.811,-5.983,-9.985,-0.065,-0.096,-0.032,-0.331,-2.898,-3.152,-5.186,-9.253,-8.954,-0.049,-0.086,-0.24,-2.888,-2.183,-7.362,-5.474,-10.922,-6.87,-0.025,-0.141,-0.436,-3.259,-6.518,-7.194,-7.485,-7.592,-8.19
-0.009,-0.011,-0.009,-0.018,-0.027,-0.024,-0.047,-0.07,-0.071,-0.014,-0.023,-0.049,-0.058,-0.056,-0.073,-0.138,-0.13,-0.119,-0.016,-0.038,-0.034,-0.053,-0.054,-0.123,-0.194,-0.208,-0.467,-0.002,-0.059,-0.061,-0.061,-0.138,-0.222,-0.342,-2.288,-3.03,-0.016,-0.042,-0.017,-0.144,-0.279,-2.138,-3.334,-5.257,-4.699,-0.044,-0.061,-0.088,-0.185,-0.72,-1.911,-4.706,-7.196,-5.085,-0.03,-0.091,-0.119,-0.255,-2.711,-5.307,-4.741,-8.166,-9.517,-0.038,-0.064,-0.03,-0.63,-3.076,-5.498,-6.344,-5.987,-11.406,-0.084,-0.117,-0.176,-2.899,-6.371,-7.916,-10.295,-8.675,-8.731
-0.006,-0.016,-0.023,-0.032,-0.034,-0.039,-0.046,-0.036,-0.085,-0.01,-0.004,-0.035,-0.018,-0.05,-0.083,-0.079,-0.119,-0.14,-0.01,-0.037,-0.04,-0.06,-0.1,-0.045,-0.141,-0.157,-0.231,-0.025,-0.011,-0.086,-0.075,-0.116,-0.147,-0.453,-1.656,-4.873,-0.035,-0.061,-0.084,-0.101,-0.226,-1.465,-2.955,-5.461,-7.448,-0.039,-0.073,-0.157,-0.117,-0.616,-3.824,-5.265,-7.557,-7.834,-0.02,-0.064,-0.116,-0.32,-1.536,-5.407,-5.052,-6.741,-8.794,-0.038,-0.1,-0.095,-2.094,-4.027,-5.896,-6.121,-6.113,-8.104,-0.027,-0.181,-0.296,-3.16,-7.584,-6.505,-4.742,-11.632,-11.118
-0.0,-0.011,-0.009,-0.028,-0.026,-0.043,-0.034,-0.013,-0.054,0.001,-0.011,-0.049,-0.039,-0.055,-0.008,-0.112,-0.13,-0.107,-0.009,-0.021,-0.043,-0.096,-0.089,-0.099,-0.12,-0.272,-0.371,-0.036,0.001,-0.055,-0.099,-0.103,-0.151,-0.165,-3.174,-2.669,-0.012,-0.03,-0.11,-0.121,-0.121,-0.706,-1.572,-4.02,-5.539,-0.023,-0.102,-0.122,-0.177,-1.381,-4.256,-4.872,-7.28,-8.492,-0.034,-0.086,-0.131,-0.422,-0.997,-3.128,-8.401,-7.745,-8.146,-0.038,-0.024,-0.121,-1.586,-4.257,-6.083,-6.88,-10.045,-10.092,-0.086,-0.19,-0.285,-5.793,-6.946,-6.832,-8.098,-8.85,-10.324
-0.01,-0.01,-0.025,0.008,-0.028,-0.03,-0.048,-0.052,-0.063,-0.015,-0.017,-0.018,-0.045,-0.013,-0.045,-0.072,-0.109,-0.072,-0.004,-0.014,-0.039,-0.067,-0.098,-0.127,-0.169,-0.097,-0.503,-0.021,-0.033,-0.039,-0.093,-0.149,-0.171,-0.326,-3.808,-2.601,-0.032,-0.029,-0.048,-0.149,-0.18,-1.38,-1.602,-3.846,-4.931,-0.022,-0.056,-0.13,-0.228,-0.665,-3.029,-5.013,-8.113,-6.071,-0.042,-0.117,-0.169,-0.309,-1.489,-5.779,-4.663,-8.441,-9.442,-0.047,-0.103,-0.224,-1.838,-5.612,-5.137,-7.22,-6.505,-9.29,-0.033,-0.135,-0.318,-3.102,-5.833,-6.75,-6.554,-8.844,-6.543
-0.012,-0.011,-0.01,0.01,-0.05,-0.011,-0.046,-0.051,-0.053,-0.006,-0.018,-0.018,-0.059,-0.076,-0.05,-0.107,-0.091,-0.117,-0.012,-0.024,-0.061,-0.019,-0.046,-0.141,-0.11,-0.272,-0.221,0.004,-0.034,-0.032,-0.03,-0.149,-0.243,-0.354,-2.47,-5.991,-0.052,-0.053,-0.095,-0.105,-0.224,-1.358,-2.478,-2.159,-5.092,-0.029,-0.045,-0.095,-0.13,-1.093,-2.015,-4.009,-5.812,-8.593,-0.055,-0.049,-0.071,-0.408,-2.996,-4.917,-6.729,-6.324,-7.07,-0.008,-0.084,-0.248,-1.544,-4.201,-6.904,-6.423,-8.021,-7.463,-0.056,-0.165,-0.339,-5.672,-4.259,-6.239,-6.608,-7.905,-11.227
0.007,-0.017,-0.028,0.0,-0.048,-0.028,-0.028,-0.064,-0.091,-0.014,-0.026,-0.011,-0.044,-0.064,-0.066,-0.085,-0.059,-0.116,-0.011,-0.011,-0.046,-0.061,-0.091,-0.126,-0.133,-0.259,-0.284,-0.034,-0.074,-0.015,-0.076,-0.16,-0.166,-0.279,-2.203,-4.466,-0.033,-0.067,-0.101,-0.149,-0.17,-1.209,-4.252,-7.814,-4.851,-0.015,-0.04,-0.088,-0.166,-1.389,-3.808,-7.15,-5.85,-8.901,-0.034,-0.119,-0.162,-0.234,-1.834,-3.166,-6.94,-7.398,-8.577,-0.053,-0.124,-0.185,-0.922,-4.204,-7.63,-5.215,-9.282,-9.502,-0.04,-0.158,-0.162,-3.581,-6.183,-7.105,-9.931,-6.175,-8.59
-0.009,-0.014,0.005,-0.021,-0.03,-0.037,-0.048,-0.061,-0.032,-0.015,-0.005,-0.03,-0.031,-0.05,-0.118,-0.095,-0.104,-0.098,-0.015,-0.055,-0.046,-0.078,-0.056,-0.165,-0.143,-0.092,-0.266,-0.037,-0.029,-0.092,-0.094,-0.095,-0.206,-0.194,-3.615,-2.712,-0.013,-0.033,-0.053,-0.107,-0.262,-0.358,-3.623,-4.812,-4.269,-0.048,-0.042,-0.071,-0.158,-1.042,-3.053,-4.965,-5.873,-9.632,-0.018,-0.062,-0.071,-0.281,-1.588,-3.799,-7.452,-6.365,-9.749,-0.059,-0.176,-0.29,-0.603,-2.128,-6.074,-7.254,-7.151,-10.235,-0.041,-0.093,-0.307,-2.176,-6.28,-7.123,-8.989,-8.661,-8.961
-0.01,-0.014,-0.023,-0.019,-0.039,-0.012,-0.026,-0.041,-0.11,-0.0,-0.027,-0.036,-0.056,-0.036,-0.081,-0.063,-0.053,-0.093,-0.016,-0.041,-0.062,-0.101,-0.086,-0.097,-0.194,-0.243,-0.198,-0.009,-0.07,-0.028,-0.091,-0.111,-0.189,-0.238,-1.424,-3.124,-0.039,-0.028,-0.091,-0.156,-0.174,-1.025,-2.306,-2.024,-5.255,-0.029,-0.06,-0.075,-0.172,-1.483,-3.499,-4.724,-3.514,-4.823,-0.055,-0.073,-0.205,-0.29,-2.426,-5.83,-6.241,-9.634,-9.277,-0.027,-0.12,-0.164,-1.836,-4.17,-7.254,-8.487,-10.088,-8.206,-0.049,-0.136,-0.349,-3.861,-4.904,-6.49,-6.294,-7.911,-9.287
0.001,0.023,-0.016,-0.016,-0.045,-0.048,-0.054,-0.05,-0.064,-0.011,-0.016,-0.038,-0.044,-0.051,-0.015,-0.11,-0.093,-0.13,-0.018,-0.029,-0.013,-0.087,-0.103,-0.083,-0.181,-0.209,-0.191,-0.024,-0.031,-0.033,-0.08,-0.186,-0.125,-0.231,-1.14,-4.507,-0.029,-0.048,-0.028,-0.148,-0.255,-0.268,-2.322,-3.139,-3.495,-0.028,-0.066,-0.128,-0.18,-1.75,-3.139,-3.275,-6.543,-8.95,-0.007,-0.044,-0.131,-0.3,-2.437,-5.235,-7.763,-6.976,-8.388,-0.07,-0.143,-0.155,-2.616,-2.533,-6.301,-8.607,-10.146,-8.13,-0.074,-0.117,-0.355,-2.929,-6.276,-8.916,-8.305,-9.147,-9.469
